x,z_upper,z_lower,delta
0.000000000000000000e+00,3.030999999999999840e-03,3.030999999999999840e-03,nan
2.341137123745819226e-02,7.707822828905340484e-02,-6.301331738790318104e-02,1.247539022285288615e-03
4.682274247491638453e-02,1.119423489946407835e-01,-8.439817660438295177e-02,1.764286604905525736e-03
7.023411371237457679e-02,1.395869559074174315e-01,-9.899140037831022365e-02,2.160800971022921839e-03
9.364548494983276905e-02,1.632741314554688461e-01,-1.102494343698079970e-01,2.495078044570577230e-03
1.170568561872909613e-01,1.844621728964673801e-01,-1.192612655389334031e-01,2.789582058413529742e-03
1.404682274247491536e-01,2.037046864856785211e-01,-1.269046399724687024e-01,3.055834038809569168e-03
1.638795986622073597e-01,2.214178815388669341e-01,-1.335473094851053755e-01,3.300678003815539496e-03
1.872909698996655381e-01,2.379555838459002370e-01,-1.393021512055689359e-01,3.528573209811051471e-03
2.107023411371237165e-01,2.536353564473900479e-01,-1.444321814684212946e-01,3.742617066855865628e-03
2.341137123745819226e-01,2.679518479561364686e-01,-1.491912339323225867e-01,3.945064780361069896e-03
2.575250836120401288e-01,2.817499423511898859e-01,-1.534841248358854437e-01,4.137618848247126210e-03
2.809364548494983072e-01,2.947412235002995762e-01,-1.574729198798847929e-01,4.321601942045843678e-03
3.043478260869564855e-01,3.070611891390613302e-01,-1.612198292878876948e-01,4.498065912991820042e-03
3.277591973244147194e-01,3.187834644482931967e-01,-1.647449083677219039e-01,4.667863598022490429e-03
3.511705685618728978e-01,3.299952785185278903e-01,-1.680498753913776677e-01,4.831697857054805846e-03
3.745819397993310762e-01,3.405000392749180649e-01,-1.713390847593126987e-01,4.990156089141154459e-03
3.979933110367892546e-01,3.509398030399645818e-01,-1.743098774664573192e-01,5.143735160962029269e-03
4.214046822742474330e-01,3.602770230860325440e-01,-1.772806701736019674e-01,5.292859814716578508e-03
4.448160535117056669e-01,3.696142431321005617e-01,-1.802257108733592295e-01,5.437896526265109838e-03
4.682274247491638453e-01,3.784598087605471894e-01,-1.829599884181947189e-01,5.579164116827059483e-03
4.916387959866220236e-01,3.866872194631692516e-01,-1.856942659630302084e-01,5.716942002033535697e-03
5.150501672240802575e-01,3.949146301657913138e-01,-1.884285435078656978e-01,5.851476691121630831e-03
5.384615384615384359e-01,4.025135357890864962e-01,-1.910724591850206378e-01,5.982986969638515347e-03
5.618729096989966143e-01,4.096852245091393008e-01,-1.936632407345431073e-01,6.111668077619138335e-03
5.852842809364547927e-01,4.168569132291921053e-01,-1.962540222840655491e-01,6.237695111426441556e-03
6.086956521739129711e-01,4.235025540317981507e-01,-1.988448038335880186e-01,6.361225818601150273e-03
6.321070234113711495e-01,4.296844615611609131e-01,-2.013910994110005015e-01,6.482402913068763782e-03
6.555183946488294389e-01,4.358663690905236754e-01,-2.039104540394802434e-01,6.601356007631078993e-03
6.789297658862876172e-01,4.417975602855895856e-01,-2.064298086679600130e-01,6.718203238337724405e-03
7.023411371237457956e-01,4.470559578426638869e-01,-2.089491632964397549e-01,6.833052638735926179e-03
7.257525083612039740e-01,4.523143553997381883e-01,-2.114623283067733617e-01,6.946003309519837784e-03
7.491638795986621524e-01,4.575727529568124896e-01,-2.139488204398528326e-01,7.057146419622102942e-03
7.725752508361203308e-01,4.621189113619417754e-01,-2.164353125729322758e-01,7.166566067518641801e-03
7.959866220735785092e-01,4.665222614486685404e-01,-2.189218047060117467e-01,7.274340025887855894e-03
8.193979933110366876e-01,4.709256115353953609e-01,-2.214082968390911899e-01,7.380540388369855910e-03
8.428093645484948659e-01,4.751505700020612344e-01,-2.238820851007246870e-01,7.485234133711731255e-03
8.662207357859531554e-01,4.787753763479324909e-01,-2.263420279236753041e-01,7.588483619841828072e-03
8.896321070234113337e-01,4.824001826938037474e-01,-2.288019707466258934e-01,7.690347018225659852e-03
9.130434782608695121e-01,4.860249890396750039e-01,-2.312619135695764827e-01,7.790878697095521277e-03
9.364548494983276905e-01,4.893187469060988337e-01,-2.337218563925270720e-01,7.890129560722139793e-03
9.598662207357858689e-01,4.922380088700356593e-01,-2.361523875533183547e-01,7.988147350738208571e-03
9.832775919732440473e-01,4.951572708339725404e-01,-2.385660345971802043e-01,8.084976914576220974e-03
1.006688963210702337e+00,4.980765327979094215e-01,-2.409796816410420539e-01,8.180660445303604075e-03
1.030100334448160515e+00,5.006463671515101188e-01,-2.433933286849038757e-01,8.275237696494252421e-03
1.053511705685618693e+00,5.029397400428572418e-01,-2.458069757287657253e-01,8.368746175240590959e-03
1.076923076923076872e+00,5.052331129342043647e-01,-2.481546456624946217e-01,8.461221315964294332e-03
1.100334448160535050e+00,5.075264858255514877e-01,-2.504814925972490558e-01,8.552696637309958536e-03
1.123745819397993229e+00,5.095498941596365849e-01,-2.528083395320035454e-01,8.643203884091687356e-03
1.147157190635451407e+00,5.113020031797533838e-01,-2.551351864667579794e-01,8.732773155997020087e-03
1.170568561872909585e+00,5.130541121998701826e-01,-2.574620334015124690e-01,8.821433024527629979e-03
1.193979933110367764e+00,5.148062212199869814e-01,-2.596654532019550543e-01,8.909210639464711090e-03
1.217391304347825942e+00,5.164258422157960160e-01,-2.618567587169212119e-01,8.996131825983640085e-03
1.240802675585284121e+00,5.177239717051891343e-01,-2.640480642318873694e-01,9.082221173402477837e-03
1.264214046822742299e+00,5.190221011945823637e-01,-2.662393697468535270e-01,9.167502116428706202e-03
1.287625418060200477e+00,5.203202306839755931e-01,-2.684085170269307485e-01,9.251997009664959457e-03
1.311036789297658878e+00,5.216183601733688224e-01,-2.704029829319744560e-01,9.335727196044980858e-03
1.334448160535117056e+00,5.225777962592723647e-01,-2.723974488370181635e-01,3.273828569719645226e-02
1.357859531772575234e+00,5.235156868147792242e-01,-2.743919147420618709e-01,3.322997790645838834e-02
1.381270903010033413e+00,5.244535773702859727e-01,-2.763863806471055784e-01,3.372046047726361823e-02
1.404682274247491591e+00,5.253914679257927212e-01,-2.782884381994137346e-01,3.420975681477919639e-02
1.428093645484949770e+00,5.262045601085170166e-01,-2.800314117445196760e-01,3.469788948915270704e-02
1.451505016722407948e+00,5.268679229595002456e-01,-2.817743852896256729e-01,3.518488027849151628e-02
1.474916387959866126e+00,5.275312858104834746e-01,-2.835173588347316143e-01,3.567075020897299970e-02
1.498327759197324305e+00,5.281946486614667036e-01,-2.852603323798375556e-01,3.615551959231948220e-02
1.521739130434782483e+00,5.288580115124499326e-01,-2.868393412215149985e-01,3.663920806084957488e-02
1.545150501672240662e+00,5.293102524842191459e-01,-2.883310313307932415e-01,3.712183460029750554e-02
1.568561872909698840e+00,5.297293588413093390e-01,-2.898227214400714846e-01,3.760341758057420686e-02
1.591973244147157018e+00,5.301484651983995322e-01,-2.913144115493496722e-01,3.808397478462798025e-02
1.615384615384615197e+00,5.305675715554897254e-01,-2.928061016586279153e-01,3.856352343554839829e-02
1.638795986622073375e+00,5.309405083985819784e-01,-2.940813294111480070e-01,3.904208022204429251e-02
1.662207357859531554e+00,5.311337696546697407e-01,-2.953418506633165297e-01,3.951966132241502283e-02
1.685618729096989732e+00,5.313270309107575029e-01,-2.966023719154850524e-01,3.999628242712434389e-02
1.709030100334448132e+00,5.315202921668452651e-01,-2.978628931676535196e-01,4.047195876007637222e-02
1.732441471571906311e+00,5.317135534229329163e-01,-2.990796853908540553e-01,4.094670509868514330e-02
1.755852842809364489e+00,5.318014909908922450e-01,-3.001269005496985387e-01,4.142053579282148346e-02
1.779264214046822667e+00,5.317823110169770384e-01,-3.011741157085429665e-01,4.189346478271413488e-02
1.802675585284280846e+00,5.317631310430618319e-01,-3.022213308673874499e-01,4.236550561587584113e-02
1.826086956521739024e+00,5.317439510691465143e-01,-3.032685460262319332e-01,4.283667146311950780e-02
1.849498327759197203e+00,5.317247710952313078e-01,-3.042246672584256184e-01,4.330697513372432084e-02
1.872909698996655381e+00,5.315580384794519331e-01,-3.050705258184765456e-01,4.377642908980711872e-02
1.896321070234113559e+00,5.313424479531156930e-01,-3.059163843785274728e-01,4.424504545995019272e-02
1.919732441471571738e+00,5.311268574267793419e-01,-3.067622429385784000e-01,4.471283605213249857e-02
1.943143812709029916e+00,5.309112669004431018e-01,-3.076081014986293272e-01,4.517981236600811246e-02
1.966555183946488095e+00,5.306956763741067507e-01,-3.083288372500317398e-01,4.564598560457226728e-02
1.989966555183946273e+00,5.302998278925138420e-01,-3.089899775262345272e-01,4.611136668525234877e-02
2.013377926421404673e+00,5.298999827439091481e-01,-3.096511178024372590e-01,4.657596625045891392e-02
2.036789297658862630e+00,5.295001375953045653e-01,-3.103122580786400464e-01,4.703979467762858108e-02
2.060200668896321030e+00,5.291002924466999824e-01,-3.109733983548428338e-01,4.750286208878918420e-02
2.083612040133778986e+00,5.286693699706657146e-01,-3.114810038145527371e-01,4.796517835967486348e-02
2.107023411371237387e+00,5.280982545829362440e-01,-3.119678928985202826e-01,4.842675312841721036e-02
2.130434782608695343e+00,5.275271391952068845e-01,-3.124547819824877726e-01,4.888759580383651715e-02
2.153846153846153744e+00,5.269560238074774139e-01,-3.129416710664552626e-01,4.934771557335596720e-02
2.177257525083611700e+00,5.263849084197479433e-01,-3.134179281443194021e-01,4.980712141055953363e-02
2.200668896321070100e+00,5.257544103373457123e-01,-3.137407936845763023e-01,5.026582208241355681e-02
2.224080267558528057e+00,5.250204071701085606e-01,-3.140636592248331471e-01,5.072382615617013896e-02
2.247491638795986457e+00,5.242864040028714090e-01,-3.143865247650899919e-01,5.118114200596980690e-02
2.270903010033444858e+00,5.235524008356343684e-01,-3.147093903053468367e-01,5.163777781915928483e-02
2.294314381270902814e+00,5.228183976683972167e-01,-3.149971567231583114e-01,5.209374160233975343e-02
2.317725752508361214e+00,5.220046536221644162e-01,-3.151674107479345843e-01,5.254904118715953559e-02
2.341137123745819171e+00,5.211200348359620316e-01,-3.153376647727109128e-01,5.300368423586441363e-02
2.364548494983277571e+00,5.202354160497595359e-01,-3.155079187974871857e-01,5.345767824661839390e-02
2.387959866220735528e+00,5.193507972635571512e-01,-3.156781728222634587e-01,5.391103055860611837e-02
2.411371237458193928e+00,5.184661784773547666e-01,-3.157943406752491411e-01,5.436374835692832364e-02
2.434782608695651884e+00,5.174846493786909862e-01,-3.158216668856873022e-01,5.481583867730042275e-02
2.458193979933110285e+00,5.164572542303477176e-01,-3.158489930961254077e-01,5.526730841056411159e-02
2.481605351170568241e+00,5.154298590820045600e-01,-3.158763193065635133e-01,5.571816430702098560e-02
2.505016722408026641e+00,5.144024639336612914e-01,-3.159036455170016189e-01,5.616841298059697257e-02
2.528428093645484598e+00,5.133750687853180228e-01,-3.158605407527900755e-01,5.661806091284555392e-02
2.551839464882942998e+00,5.122377853037155537e-01,-3.157501165209196659e-01,5.706711445679755329e-02
2.575250836120400955e+00,5.110753965148017164e-01,-3.156396922890492562e-01,5.751557984066466012e-02
2.598662207357859355e+00,5.099130077258877680e-01,-3.155292680571788466e-01,5.796346317140361332e-02
2.622073578595317755e+00,5.087506189369739307e-01,-3.154188438253084370e-01,5.841077043814733860e-02
2.645484949832775712e+00,5.075882301480600933e-01,-3.152292908282986472e-01,5.885750751550929832e-02
2.668896321070234112e+00,5.063090848433133839e-01,-3.149932891021145487e-01,5.930368016676683396e-02
2.692307692307692069e+00,5.050219748419388921e-01,-3.147572873759305057e-01,5.974929404692868457e-02
2.715719063545150469e+00,5.037348648405645113e-01,-3.145212856497464626e-01,6.019435470569230867e-02
2.739130434782608425e+00,5.024477548391900195e-01,-3.142852839235624196e-01,6.063886759029544354e-02
2.762541806020066826e+00,5.011549494303280117e-01,-3.139593665319048710e-01,6.108283804826689090e-02
2.785953177257524782e+00,4.997463814513107838e-01,-3.136012112213300007e-01,6.152627133008067156e-02
2.809364548494983183e+00,4.983378134722935560e-01,-3.132430559107550749e-01,6.196917259171794146e-02
2.832775919732441139e+00,4.969292454932763836e-01,-3.128849006001802047e-01,6.241154689714035336e-02
2.856187290969899539e+00,4.955206775142591558e-01,-3.125267452896053344e-01,6.285339922067896545e-02
2.879598662207357496e+00,4.940955497822624443e-01,-3.120746566204077310e-01,6.329473444934188842e-02
2.903010033444815896e+00,4.925742383869903818e-01,-3.116033822860649338e-01,6.373555738504439738e-02
2.926421404682273852e+00,4.910529269917182638e-01,-3.111321079517221366e-01,6.417587274676449238e-02
2.949832775919732253e+00,4.895316155964461458e-01,-3.106608336173793394e-01,6.461568517262708533e-02
2.973244147157190209e+00,4.880103042011740833e-01,-3.101895592830365422e-01,6.505499922191960993e-02
2.996655518394648610e+00,4.864639608775558899e-01,-3.096204504135335323e-01,6.549381937704214229e-02
3.020066889632107010e+00,4.848371630585751046e-01,-3.090421287278303231e-01,6.593215004539410007e-02
3.043478260869564966e+00,4.832103652395943194e-01,-3.084638070421271694e-01,6.636999556120068422e-02
3.066889632107023367e+00,4.815835674206135342e-01,-3.078854853564240157e-01,6.680736018728100634e-02
3.090301003344481323e+00,4.799567696016328044e-01,-3.073071636707208065e-01,6.724424811676026070e-02
3.113712374581939724e+00,4.782972745286342975e-01,-3.066262219087657059e-01,6.768066347472841138e-02
3.137123745819397680e+00,4.765679932227356863e-01,-3.059439930486411163e-01,6.811661031984696246e-02
3.160535117056856080e+00,4.748387119168369641e-01,-3.052617641885164157e-01,6.855209264590625406e-02
3.183946488294314037e+00,4.731094306109383529e-01,-3.045795353283918261e-01,6.898711438333494927e-02
3.207357859531772437e+00,4.713801493050396307e-01,-3.038923269289939277e-01,6.942167940066361342e-02
3.230769230769230393e+00,4.696134506533404251e-01,-3.031149215694485255e-01,6.985579150594388442e-02
3.254180602006688794e+00,4.677888931470455258e-01,-3.023375162099030677e-01,7.028945444812524646e-02
3.277591973244146750e+00,4.659643356407506820e-01,-3.015601108503576655e-01,7.072267191839072542e-02
3.301003344481605151e+00,4.641397781344558382e-01,-3.007827054908122077e-01,7.115544755145300493e-02
3.324414715719063107e+00,4.623152206281609944e-01,-2.999951125742530422e-01,7.158778492681264205e-02
3.347826086956521507e+00,4.604488082819744865e-01,-2.991242022123788979e-01,7.201968756997938204e-02
3.371237458193979464e+00,4.585330490571201678e-01,-2.982532918505047537e-01,7.245115895365830672e-02
3.394648829431437864e+00,4.566172898322658491e-01,-2.973823814886306094e-01,7.288220249890171865e-02
3.418060200668896265e+00,4.547015306074114749e-01,-2.965114711267564096e-01,7.331282157622819040e-02
3.441471571906354221e+00,4.527857713825571562e-01,-2.956269374169274711e-01,7.374301950670990313e-02
3.464882943143812621e+00,4.508257495251555835e-01,-2.946697000692615198e-01,7.417279956302939847e-02
3.488294314381270578e+00,4.488246808598732596e-01,-2.937124627215956241e-01,7.460216497050652096e-02
3.511705685618728978e+00,4.468236121945908801e-01,-2.927552253739296728e-01,7.503111890809714690e-02
3.535117056856186935e+00,4.448225435293085561e-01,-2.917979880262637216e-01,7.545966450936410219e-02
3.558528428093645335e+00,4.428214748640261766e-01,-2.908241017867315148e-01,7.588780486342154574e-02
3.581939799331103291e+00,4.407722841003938186e-01,-2.897835337324528027e-01,7.631554301585365130e-02
3.605351170568561692e+00,4.386871580466983334e-01,-2.887429656781740350e-01,7.674288196960836472e-02
3.628762541806019648e+00,4.366020319930029037e-01,-2.877023976238953229e-01,7.716982468586712496e-02
3.652173913043478048e+00,4.345169059393074185e-01,-2.866618295696165553e-01,7.759637408489145072e-02
3.675585284280936005e+00,4.324317798856119333e-01,-2.856029757117637402e-01,7.802253304684689250e-02
3.698996655518394405e+00,4.302988092779959084e-01,-2.844846609023219397e-01,7.844830441260536302e-02
3.722408026755852362e+00,4.281366080736436208e-01,-2.833663460928801392e-01,7.887369098452645666e-02
3.745819397993310762e+00,4.259744068692912222e-01,-2.822480312834382832e-01,7.929869552721835468e-02
3.769230769230769162e+00,4.238122056649388791e-01,-2.811297164739964827e-01,7.972332076827903791e-02
3.792642140468227119e+00,4.216500044605865916e-01,-2.799908072962321581e-01,8.014756939901841737e-02
3.816053511705685519e+00,4.194375540281329862e-01,-2.787948420608309941e-01,8.057144407516220186e-02
3.839464882943143476e+00,4.171997023657288972e-01,-2.775988768254298855e-01,8.099494741753751614e-02
3.862876254180601876e+00,4.149618507033248083e-01,-2.764029115900287215e-01,8.141808201274156054e-02
3.886287625418059832e+00,4.127239990409207748e-01,-2.752069463546276129e-01,8.184085041379327019e-02
3.909698996655518233e+00,4.104861473785166859e-01,-2.739905354234736801e-01,8.226325514076884837e-02
3.933110367892976189e+00,4.081969798267637839e-01,-2.727241061796606969e-01,8.268529868142145134e-02
3.956521739130434590e+00,4.058861555293717394e-01,-2.714576769358476582e-01,8.310698349178557987e-02
3.979933110367892546e+00,4.035753312319798058e-01,-2.701912476920346196e-01,8.352831199676677421e-02
4.003344481605350502e+00,4.012645069345878168e-01,-2.689248184482216364e-01,8.394928659071689003e-02
4.026755852842809347e+00,3.989536826371957723e-01,-2.676364894770919545e-01,8.436990963799538557e-02
4.050167224080267303e+00,3.965930143086487947e-01,-2.662994191418552870e-01,8.479018347351711948e-02
4.073578595317725259e+00,3.942146804949253069e-01,-2.649623488066186194e-01,8.521011040328713149e-02
4.096989966555183216e+00,3.918363466812018747e-01,-2.636252784713819519e-01,8.562969270492255813e-02
4.120401337792642060e+00,3.894580128674782760e-01,-2.622882081361452289e-01,8.604893262816232236e-02
4.143812709030100017e+00,3.870796790537547882e-01,-2.609294909160062570e-01,8.646783239536461052e-02
4.167224080267557973e+00,3.846505065048125283e-01,-2.595260156305043142e-01,8.688639420199310848e-02
4.190635451505016817e+00,3.822061605333066936e-01,-2.581225403450022604e-01,8.730462021709153864e-02
4.214046822742474774e+00,3.797618145618009144e-01,-2.567190650595003176e-01,8.772251258374728911e-02
4.237458193979932730e+00,3.773174685902951353e-01,-2.553155897739983748e-01,8.814007341954460673e-02
4.260869565217390686e+00,3.748731226187893562e-01,-2.538906268365547780e-01,8.855730481700720136e-02
4.284280936454849531e+00,3.723780109550621775e-01,-2.524236470058244253e-01,8.897420884403081653e-02
4.307692307692307487e+00,3.698701021155580970e-01,-2.509566671750941280e-01,8.939078754430604401e-02
4.331103678929765444e+00,3.673621932760540165e-01,-2.494896873443638030e-01,8.980704293773161817e-02
4.354515050167223400e+00,3.648542844365499360e-01,-2.480227075136335058e-01,9.022297702081852333e-02
4.377926421404682245e+00,3.623463755970457445e-01,-2.465341044933236359e-01,9.063859176708488619e-02
4.401337792642140201e+00,3.597884107213514260e-01,-2.450048381767108430e-01,9.105388912744240282e-02
4.424749163879598157e+00,3.572198134804935310e-01,-2.434755718600980778e-01,9.146887103057405044e-02
4.448160535117056114e+00,3.546512162396355805e-01,-2.419463055434852850e-01,9.188353938330362514e-02
4.471571906354514958e+00,3.520826189987775745e-01,-2.404170392268724643e-01,9.229789607095718884e-02
4.494983277591972914e+00,3.495140217579196795e-01,-2.388667159740680002e-01,9.271194295771664762e-02
4.518394648829430871e+00,3.468935750053437905e-01,-2.372778420149276035e-01,9.312568188696579430e-02
4.541806020066889715e+00,3.442638738872486615e-01,-2.356889680557871236e-01,9.353911468162885712e-02
4.565217391304347672e+00,3.416341727691535879e-01,-2.341000940966467270e-01,9.395224314450177638e-02
4.588628762541805628e+00,3.390044716510585143e-01,-2.325112201375063026e-01,9.436506905857657002e-02
4.612040133779263584e+00,3.363747705329634408e-01,-2.309016036774293457e-01,9.477759418735876018e-02
4.635451505016722429e+00,3.336967891922211771e-01,-2.292546710594206283e-01,9.518982027517816635e-02
4.658862876254180385e+00,3.310116442295391037e-01,-2.276077384414119942e-01,9.560174904749309255e-02
4.682274247491638342e+00,3.283264992668570303e-01,-2.259608058234033323e-01,9.601338221118836669e-02
4.705685618729096298e+00,3.256413543041749570e-01,-2.243138732053946705e-01,9.642472145486705171e-02
4.729096989966555142e+00,3.229562093414927726e-01,-2.226465168168103304e-01,9.683576844913628634e-02
4.752508361204013099e+00,3.202190103818073896e-01,-2.209426752430759533e-01,9.724652484688700582e-02
4.775919732441471055e+00,3.174754793344689019e-01,-2.192388336693415762e-01,9.765699228356834738e-02
4.799331103678929011e+00,3.147319482871303586e-01,-2.175349920956071992e-01,9.806717237745612992e-02
4.822742474916387856e+00,3.119884172397917599e-01,-2.158311505218727666e-01,9.847706672991611565e-02
4.846153846153845812e+00,3.092448861924532166e-01,-2.141078199241118196e-01,9.888667692566183165e-02
4.869565217391303769e+00,3.064517195614331335e-01,-2.123496924338728054e-01,9.929600453300742313e-02
4.892976588628762613e+00,3.036537100690397950e-01,-2.105915649436337633e-01,9.970505110411537197e-02
4.916387959866220569e+00,3.008557005766465675e-01,-2.088334374533947491e-01,1.001138181752391082e-01
4.939799331103678526e+00,2.980576910842532845e-01,-2.070753099631557625e-01,1.005223072669612777e-01
4.963210702341136482e+00,2.952596815918600570e-01,-2.052972411385633189e-01,1.009305198844269308e-01
4.986622073578595327e+00,2.924120043645495048e-01,-2.034834476710987716e-01,1.013384575175723529e-01
5.010033444816053283e+00,2.895605923805887327e-01,-2.016696542036343076e-01,1.017461216413493436e-01
5.033444816053511239e+00,2.867091803966279606e-01,-1.998558607361698436e-01,1.021535137159453599e-01
5.056856187290969196e+00,2.838577684126671885e-01,-1.980420672687053796e-01,1.025606351869990801e-01
5.080267558528428040e+00,2.810063564287063609e-01,-1.962093907306082796e-01,1.029674874858122202e-01
5.103678929765885997e+00,2.781044297223237427e-01,-1.943426382362407334e-01,1.033740720295568682e-01
5.127090301003343953e+00,2.751997896054074189e-01,-1.924758857418731872e-01,1.037803902214794322e-01
5.150501672240801909e+00,2.722951494884911505e-01,-1.906091332475056688e-01,1.041864434511001469e-01
5.173913043478260754e+00,2.693905093715747712e-01,-1.887423807531380393e-01,1.045922330944092787e-01
5.197324414715718710e+00,2.664858692546584473e-01,-1.868572843648983461e-01,1.049977605140593739e-01
5.220735785953176666e+00,2.635305718786479234e-01,-1.849387553770588388e-01,1.054030270595540664e-01
5.244147157190635511e+00,2.605735827392786086e-01,-1.830202263892192760e-01,1.058080340674333736e-01
5.267558528428093467e+00,2.576165935999094603e-01,-1.811016974013797964e-01,1.062127828614554126e-01
5.290969899665551424e+00,2.546596044605403120e-01,-1.791831684135402891e-01,1.066172747527750347e-01
5.314381270903009380e+00,2.517026153211711081e-01,-1.772458374759481314e-01,1.070215110401189218e-01
5.337792642140468224e+00,2.486949790932747872e-01,-1.752738968928790331e-01,1.074254930099576566e-01
5.361204013377926181e+00,2.456866727135365580e-01,-1.733019563098100457e-01,1.078292219366746019e-01
5.384615384615384137e+00,2.426783663337983565e-01,-1.713300157267410306e-01,1.082326990827317537e-01
5.408026755852842093e+00,2.396700599540601551e-01,-1.693580751436720433e-01,1.086359256988325556e-01
5.431438127090300938e+00,2.366613544650365830e-01,-1.673683982036658635e-01,1.090389030240819374e-01
5.454849498327758894e+00,2.335990779317843324e-01,-1.653458326507466492e-01,1.094416322861431895e-01
5.478260869565216851e+00,2.305368013985320819e-01,-1.633232670978274348e-01,1.098441147013924785e-01
5.501672240802674807e+00,2.274745248652798313e-01,-1.613007015449082204e-01,1.102463514750702256e-01
5.525083612040133652e+00,2.244122483320274697e-01,-1.592781359919889228e-01,1.106483438014301268e-01
5.548494983277591608e+00,2.213485249628531215e-01,-1.572368196267989182e-01,1.110500928638852719e-01
5.571906354515049564e+00,2.182359166992006994e-01,-1.551605689662828580e-01,1.114515998351520293e-01
5.595317725752507521e+00,2.151233084355482494e-01,-1.530843183057667700e-01,1.118528658773911277e-01
5.618729096989966365e+00,2.120107001718957163e-01,-1.510080676452505988e-01,1.122538921423464620e-01
5.642140468227424321e+00,2.088980919082432941e-01,-1.489318169847345108e-01,1.126546797714814835e-01
5.665551839464882278e+00,2.057827871164490396e-01,-1.468376896298662915e-01,1.130552298961132324e-01
5.688963210702341122e+00,2.026182136152442914e-01,-1.447102744043517741e-01,1.134555436375440512e-01
5.712374581939799079e+00,1.994536401140396820e-01,-1.425828591788373678e-01,1.138556221071910374e-01
5.735785953177257035e+00,1.962890666128350448e-01,-1.404554439533229615e-01,1.142554664067134823e-01
5.759197324414714991e+00,1.931244931116304353e-01,-1.383280287278085552e-01,1.146550776281377165e-01
5.782608695652173836e+00,1.899558485255779250e-01,-1.361819961432463588e-01,1.150544568539805385e-01
5.806020066889631792e+00,1.867384922209173181e-01,-1.340015871143671877e-01,1.154536051573698263e-01
5.829431438127089748e+00,1.835211359162567113e-01,-1.318211780854880166e-01,1.158525236021637067e-01
5.852842809364547705e+00,1.803037796115961044e-01,-1.296407690566088455e-01,1.162512132430674611e-01
5.876254180602006549e+00,1.770864233069353866e-01,-1.274603600277295912e-01,1.166496751257484893e-01
5.899665551839464506e+00,1.738635485030364525e-01,-1.252607834243789631e-01,1.170479102869495802e-01
5.923076923076922462e+00,1.705939613810221189e-01,-1.230265206409335565e-01,1.174459197546000172e-01
5.946488294314380418e+00,1.673243742590077854e-01,-1.207922578574881500e-01,1.178437045479252682e-01
5.969899665551839263e+00,1.640547871369933408e-01,-1.185579950740426602e-01,1.182412656775544135e-01
5.993311036789297219e+00,1.607852000149790350e-01,-1.163237322905972537e-01,1.186386041456261309e-01
6.016722408026755176e+00,1.575080793450891192e-01,-1.140704514536558106e-01,1.190357209458930560e-01
6.040133779264214020e+00,1.541841642752020958e-01,-1.117840859842747087e-01,1.194326170638240758e-01
6.063545150501671976e+00,1.508602492053151833e-01,-1.094977205148937038e-01,1.198292934767054563e-01
6.086956521739129933e+00,1.475363341354282987e-01,-1.072113550455126851e-01,1.202257511537398182e-01
6.110367892976587889e+00,1.442124190655413862e-01,-1.049249895761316803e-01,1.206219910561440872e-01
6.133779264214046734e+00,1.408788435276275008e-01,-1.026170767635668779e-01,1.210180141372455692e-01
6.157190635451504690e+00,1.375010060552017410e-01,-1.002741091964092363e-01,1.214138213425763613e-01
6.180602006688962646e+00,1.341231685827759534e-01,-9.793114162925159460e-02,1.218094136099668184e-01
6.204013377926420603e+00,1.307453311103501936e-01,-9.558817406209393908e-02,1.222047918696369251e-01
6.227424749163879447e+00,1.273674936379242950e-01,-9.324520649493621416e-02,1.225999570442867365e-01
6.250836120401337404e+00,1.239767197661708065e-01,-9.088011611001113599e-02,1.229949100491850023e-01
6.274247491638795360e+00,1.205432416272143314e-01,-8.848308601776248838e-02,1.233896517922568603e-01
6.297658862876253316e+00,1.171097634882578564e-01,-8.608605592551384078e-02,1.237841831741696430e-01
6.321070234113712161e+00,1.136762853493012426e-01,-8.368902583326509603e-02,1.241785050884180452e-01
6.344481605351170117e+00,1.102428072103447815e-01,-8.129199574101644843e-02,1.245726184214070581e-01
6.367892976588628073e+00,1.067916834141178495e-01,-7.886853917805268510e-02,1.249665240525347776e-01
6.391304347826086918e+00,1.033014593463717212e-01,-7.641434023949009169e-02,1.253602228542728680e-01
6.414715719063544874e+00,9.981123527862573175e-02,-7.396014130092759542e-02,1.257537156922464427e-01
6.438127090301002831e+00,9.632101121087974227e-02,-7.150594236236509915e-02,1.261470034253126815e-01
6.461538461538460787e+00,9.283078714313375279e-02,-6.905174342380260288e-02,1.265400869056379496e-01
6.484949832775919631e+00,8.931575530028355858e-02,-6.656538621331520300e-02,1.269329669787742643e-01
6.508361204013377588e+00,8.576906676872705915e-02,-6.405426312826283108e-02,1.273256444837339019e-01
6.531772575250835544e+00,8.222237823717055971e-02,-6.154314004321045917e-02,1.277181202530637549e-01
6.555183946488293500e+00,7.867568970561406028e-02,-5.903201695815809419e-02,1.281103951129178575e-01
6.578595317725752345e+00,7.512900117405742206e-02,-5.652089387310563207e-02,1.285024698831292445e-01
6.602006688963210301e+00,7.154409695482816245e-02,-5.396507878785117979e-02,1.288943453772805059e-01
6.625418060200668258e+00,6.794011465587468379e-02,-5.139572333856889247e-02,1.292860224027735927e-01
6.648829431438126214e+00,6.433613235692120513e-02,-4.882636788928661209e-02,1.296775017608984004e-01
6.672240802675585059e+00,6.073215005796758076e-02,-4.625701244000422763e-02,1.300687842469003819e-01
6.695652173913043015e+00,5.712355344743855201e-02,-4.367918182066737876e-02,1.304598706500469385e-01
6.719063545150500971e+00,5.346537248544134396e-02,-4.105701663804823404e-02,1.308507617536935896e-01
6.742474916387958928e+00,4.980719152344413592e-02,-3.843485145542908238e-02,1.312414583353483100e-01
6.765886287625417772e+00,4.614901056144679603e-02,-3.581268627280983358e-02,1.316319611667354783e-01
6.789297658862875728e+00,4.249082959944958798e-02,-3.319052109019068886e-02,1.320222710138586331e-01
6.812709030100333685e+00,3.879073321014177983e-02,-3.052026258033452982e-02,1.324123886370626724e-01
6.836120401337792529e+00,3.508201946539087068e-02,-2.784352012698353140e-02,1.328023147910947777e-01
6.859531772575250486e+00,3.137330572064010031e-02,-2.516677767363263360e-02,1.331920502251646432e-01
6.882943143812708442e+00,2.766225748621966782e-02,-2.248664271972515907e-02,1.335815956830040674e-01
6.906354515050166398e+00,2.390581733042783028e-02,-1.976685587633469909e-02,1.339709519029252671e-01
6.929765886287625243e+00,2.014937717463585048e-02,-1.704706903294413850e-02,1.343601196178785817e-01
6.953177257525083199e+00,1.639293701884401294e-02,-1.432728218955367852e-02,1.347490995555096216e-01
6.976588628762541155e+00,1.260921198687530408e-02,-1.157651240973000921e-02,1.351378924382152513e-01
7.000000000000000000e+00,8.819999999999999715e-03,-8.819999999999999715e-03,1.355264989831989619e-01
