x,delta_upper,delta_lower
0.000000000000000000e+00,0.000000000000000000e+00,0.000000000000000000e+00
2.811244979919678630e-02,1.253799446565851457e-03,1.253799446565851457e-03
5.622489959839357260e-02,1.773140181829307776e-03,1.773140181829307776e-03
8.433734939759035543e-02,2.171644343953794184e-03,2.171644343953794184e-03
1.124497991967871452e-01,2.507598893131702915e-03,2.507598893131702915e-03
1.405622489959839350e-01,2.803580792672858736e-03,2.803580792672858736e-03
1.686746987951807109e-01,3.071168883870278171e-03,3.071168883870278171e-03
1.967871485943775145e-01,3.317241529563659270e-03,3.317241529563659270e-03
2.248995983935742904e-01,3.546280363658615552e-03,3.546280363658615552e-03
2.530120481927710663e-01,3.761398339697553939e-03,3.761398339697553939e-03
2.811244979919678699e-01,3.964861980206669384e-03,3.964861980206669384e-03
3.092369477911646736e-01,4.158382326614184013e-03,4.158382326614184013e-03
3.373493975903614217e-01,4.343288687907588368e-03,4.343288687907588368e-03
3.654618473895582254e-01,4.520638193741549279e-03,4.520638193741549279e-03
3.935742971887550290e-01,4.691287960776197898e-03,4.691287960776197898e-03
4.216867469879517771e-01,4.855944376033619232e-03,4.855944376033619232e-03
4.497991967871485808e-01,5.015197786263405830e-03,5.015197786263405830e-03
4.779116465863453844e-01,5.169547551531971166e-03,5.169547551531971166e-03
5.060240963855421326e-01,5.319420545487923112e-03,5.319420545487923112e-03
5.341365461847389362e-01,5.465185083047770925e-03,5.465185083047770925e-03
5.622489959839357399e-01,5.607161585345717472e-03,5.607161585345717472e-03
5.903614457831325435e-01,5.745630870181754613e-03,5.745630870181754613e-03
6.184738955823293471e-01,5.880840683830363888e-03,5.880840683830363888e-03
6.465863453815260398e-01,6.013010909752551127e-03,6.013010909752551127e-03
6.746987951807228434e-01,6.142337767740556342e-03,6.142337767740556342e-03
7.028112449799196471e-01,6.268997232829256853e-03,6.268997232829256853e-03
7.309236947791164507e-01,6.393147844171110684e-03,6.393147844171110684e-03
7.590361445783132543e-01,6.514933031861382118e-03,6.514933031861382118e-03
7.871485943775100580e-01,6.634483059127318540e-03,6.634483059127318540e-03
8.152610441767067506e-01,6.751916654851140495e-03,6.751916654851140495e-03
8.433734939759035543e-01,6.867342394716100321e-03,6.867342394716100321e-03
8.714859437751003579e-01,6.980859876725351888e-03,6.980859876725351888e-03
8.995983935742971616e-01,7.092560727317231105e-03,7.092560727317231105e-03
9.277108433734939652e-01,7.202529466992242668e-03,7.202529466992242668e-03
9.558232931726907688e-01,7.310844258709139551e-03,7.310844258709139551e-03
9.839357429718875725e-01,7.417577557889720383e-03,7.417577557889720383e-03
1.012048192771084265e+00,7.522796679395107877e-03,7.522796679395107877e-03
1.040160642570281180e+00,7.626564294079406399e-03,7.626564294079406399e-03
1.068273092369477872e+00,7.728938865325287420e-03,7.728938865325287420e-03
1.096385542168674565e+00,7.829975034196761177e-03,7.829975034196761177e-03
1.124497991967871480e+00,7.929723960413338768e-03,7.929723960413338768e-03
1.152610441767068172e+00,2.817041414498177437e-02,2.817041414498177437e-02
1.180722891566265087e+00,2.875832606630976396e-02,2.875832606630976396e-02
1.208835341365461780e+00,2.934424148243097025e-02,2.934424148243097025e-02
1.236947791164658694e+00,2.992821337821006608e-02,2.992821337821006608e-02
1.265060240963855387e+00,3.051029216160046006e-02,3.051029216160046006e-02
1.293172690763052080e+00,3.109052584339265513e-02,3.109052584339265513e-02
1.321285140562248994e+00,3.166896020079285057e-02,3.166896020079285057e-02
1.349397590361445687e+00,3.224563892659921410e-02,3.224563892659921410e-02
1.377510040160642601e+00,3.282060376551729913e-02,3.282060376551729913e-02
1.405622489959839294e+00,3.339389463896307725e-02,3.339389463896307725e-02
1.433734939759036209e+00,3.396554975953646610e-02,3.396554975953646610e-02
1.461847389558232901e+00,3.453560573620594043e-02,3.453560573620594043e-02
1.489959839357429594e+00,3.510409767112196433e-02,3.510409767112196433e-02
1.518072289156626509e+00,3.567105924887079005e-02,3.567105924887079005e-02
1.546184738955823201e+00,3.623652281888779109e-02,3.623652281888779109e-02
1.574297188755020116e+00,3.680051947166951970e-02,3.680051947166951970e-02
1.602409638554216809e+00,3.736307910935313809e-02,3.736307910935313809e-02
1.630522088353413501e+00,3.792423051117133070e-02,3.792423051117133070e-02
1.658634538152610416e+00,3.848400139423634875e-02,3.848400139423634875e-02
1.686746987951807109e+00,3.904241847006012511e-02,3.904241847006012511e-02
1.714859437751004023e+00,3.959950749717552898e-02,3.959950749717552898e-02
1.742971887550200716e+00,4.015529333018725416e-02,4.015529333018725416e-02
1.771084337349397630e+00,4.070979996554813934e-02,4.070979996554813934e-02
1.799196787148594323e+00,4.126305058432803291e-02,4.126305058432803291e-02
1.827309236947791016e+00,4.181506759221673142e-02,4.181506759221673142e-02
1.855421686746987930e+00,4.236587265697949745e-02,4.236587265697949745e-02
1.883534136546184623e+00,4.291548674356367166e-02,4.291548674356367166e-02
1.911646586345381538e+00,4.346393014703633234e-02,4.346393014703633234e-02
1.939759036144578230e+00,4.401122252351705871e-02,4.401122252351705871e-02
1.967871485943775145e+00,4.455738291925503969e-02,4.455738291925503969e-02
1.995983935742971838e+00,4.510242979798672475e-02,4.510242979798672475e-02
2.024096385542168530e+00,4.564638106669859086e-02,4.564638106669859086e-02
2.052208835341365223e+00,4.618925409990862208e-02,4.618925409990862208e-02
2.080321285140562360e+00,4.673106576257105016e-02,4.673106576257105016e-02
2.108433734939759052e+00,4.727183243169971738e-02,4.727183243169971738e-02
2.136546184738955745e+00,4.781157001679808838e-02,4.781157001679808838e-02
2.164658634538152437e+00,4.835029397917636751e-02,4.835029397917636751e-02
2.192771084337349130e+00,4.888801935023017603e-02,4.888801935023017603e-02
2.220883534136546267e+00,4.942476074874915110e-02,4.942476074874915110e-02
2.248995983935742959e+00,4.996053239731847867e-02,4.996053239731847867e-02
2.277108433734939652e+00,5.049534813787183440e-02,5.049534813787183440e-02
2.305220883534136345e+00,5.102922144644935626e-02,5.102922144644935626e-02
2.333333333333333481e+00,5.156216544721061584e-02,5.156216544721061584e-02
2.361445783132530174e+00,5.209419292574860028e-02,5.209419292574860028e-02
2.389558232931726867e+00,5.262531634174760775e-02,5.262531634174760775e-02
2.417670682730923559e+00,5.315554784102462238e-02,5.315554784102462238e-02
2.445783132530120252e+00,5.368489926699104159e-02,5.368489926699104159e-02
2.473895582329317389e+00,5.421338217156899258e-02,5.421338217156899258e-02
2.502008032128514081e+00,5.474100782559406658e-02,5.474100782559406658e-02
2.530120481927710774e+00,5.526778722873424560e-02,5.526778722873424560e-02
2.558232931726907466e+00,5.579373111895241655e-02,5.579373111895241655e-02
2.586345381526104159e+00,5.631884998153856292e-02,5.631884998153856292e-02
2.614457831325301296e+00,5.684315405773536500e-02,5.684315405773536500e-02
2.642570281124497988e+00,5.736665335297986418e-02,5.736665335297986418e-02
2.670682730923694681e+00,5.788935764478213286e-02,5.788935764478213286e-02
2.698795180722891374e+00,5.841127649026062185e-02,5.841127649026062185e-02
2.726907630522088066e+00,5.893241923335248295e-02,5.893241923335248295e-02
2.755020080321285203e+00,5.945279501171620712e-02,5.945279501171620712e-02
2.783132530120481896e+00,5.997241276334250304e-02,5.997241276334250304e-02
2.811244979919678588e+00,6.049128123288893127e-02,6.049128123288893127e-02
2.839357429718875281e+00,6.100940897775206095e-02,6.100940897775206095e-02
2.867469879518072418e+00,6.152680437389084628e-02,6.152680437389084628e-02
2.895582329317269110e+00,6.204347562141353939e-02,6.204347562141353939e-02
2.923694779116465803e+00,6.255943074994008146e-02,6.255943074994008146e-02
2.951807228915662495e+00,6.307467762375101872e-02,6.307467762375101872e-02
2.979919678714859188e+00,6.358922394673331702e-02,6.358922394673331702e-02
3.008032128514056325e+00,6.410307726713310172e-02,6.410307726713310172e-02
3.036144578313253017e+00,6.461624498212434342e-02,6.461624498212434342e-02
3.064257028112449710e+00,6.512873434220253777e-02,6.512873434220253777e-02
3.092369477911646403e+00,6.564055245541144945e-02,6.564055245541144945e-02
3.120481927710843095e+00,6.615170629141065017e-02,6.615170629141065017e-02
3.148594377510040232e+00,6.666220268539152505e-02,6.666220268539152505e-02
3.176706827309236925e+00,6.717204834184831164e-02,6.717204834184831164e-02
3.204819277108433617e+00,6.768124983821109664e-02,6.768124983821109664e-02
3.232931726907630310e+00,6.818981362834684867e-02,6.818981362834684867e-02
3.261044176706827002e+00,6.869774604593430201e-02,6.869774604593430201e-02
3.289156626506024139e+00,6.920505330771850594e-02,6.920505330771850594e-02
3.317269076305220832e+00,6.971174151665007757e-02,6.971174151665007757e-02
3.345381526104417524e+00,7.021781666491441753e-02,7.021781666491441753e-02
3.373493975903614217e+00,7.072328463685537137e-02,7.072328463685537137e-02
3.401606425702811354e+00,7.122815121179817965e-02,7.122815121179817965e-02
3.429718875502008046e+00,7.173242206677572785e-02,7.173242206677572785e-02
3.457831325301204739e+00,7.223610277916224509e-02,7.223610277916224509e-02
3.485943775100401432e+00,7.273919882921843494e-02,7.273919882921843494e-02
3.514056224899598124e+00,7.324171560255150759e-02,7.324171560255150759e-02
3.542168674698795261e+00,7.374365839249384658e-02,7.374365839249384658e-02
3.570281124497991954e+00,7.424503240240337698e-02,7.424503240240337698e-02
3.598393574297188646e+00,7.474584274788903526e-02,7.474584274788903526e-02
3.626506024096385339e+00,7.524609445896418558e-02,7.524609445896418558e-02
3.654618473895582031e+00,7.574579248213093863e-02,7.574579248213093863e-02
3.682730923694779168e+00,7.624494168239803749e-02,7.624494168239803749e-02
3.710843373493975861e+00,7.674354684523504444e-02,7.674354684523504444e-02
3.738955823293172553e+00,7.724161267846518797e-02,7.724161267846518797e-02
3.767068273092369246e+00,7.773914381409920138e-02,7.773914381409920138e-02
3.795180722891565939e+00,7.823614481011262334e-02,7.823614481011262334e-02
3.823293172690763075e+00,7.873262015216844767e-02,7.873262015216844767e-02
3.851405622489959768e+00,7.922857425528750941e-02,7.922857425528750941e-02
3.879518072289156461e+00,7.972401146546810591e-02,7.972401146546810591e-02
3.907630522088353153e+00,8.021893606125732323e-02,8.021893606125732323e-02
3.935742971887550290e+00,8.071335225527535850e-02,8.071335225527535850e-02
3.963855421686746983e+00,8.120726419569473942e-02,8.120726419569473942e-02
3.991967871485943675e+00,8.170067596767630058e-02,8.170067596767630058e-02
4.020080321285140812e+00,8.219359159476304078e-02,8.219359159476304078e-02
4.048192771084337060e+00,8.268601504023372073e-02,8.268601504023372073e-02
4.076305220883534197e+00,8.317795020841770026e-02,8.317795020841770026e-02
4.104417670682730446e+00,8.366940094597181965e-02,8.366940094597181965e-02
4.132530120481927582e+00,8.416037104312157346e-02,8.416037104312157346e-02
4.160642570281124719e+00,8.465086423486689604e-02,8.465086423486689604e-02
4.188755020080320968e+00,8.514088420215433495e-02,8.514088420215433495e-02
4.216867469879518104e+00,8.563043457301691697e-02,8.563043457301691697e-02
4.244979919678714353e+00,8.611951892368201189e-02,8.611951892368201189e-02
4.273092369477911490e+00,8.660814077964940072e-02,8.660814077964940072e-02
4.301204819277108626e+00,8.709630361673950660e-02,8.709630361673950660e-02
4.329317269076304875e+00,8.758401086211345388e-02,8.758401086211345388e-02
4.357429718875502012e+00,8.807126589526581562e-02,8.807126589526581562e-02
4.385542168674698260e+00,8.855807204899050766e-02,8.855807204899050766e-02
4.413654618473895397e+00,8.904443261032142509e-02,8.904443261032142509e-02
4.441767068273092534e+00,8.953035082144798762e-02,8.953035082144798762e-02
4.469879518072288782e+00,9.001582988060670421e-02,9.001582988060670421e-02
4.497991967871485919e+00,9.050087294294982543e-02,9.050087294294982543e-02
4.526104417670682167e+00,9.098548312139102812e-02,9.098548312139102812e-02
4.554216867469879304e+00,9.146966348742981145e-02,9.146966348742981145e-02
4.582329317269076441e+00,9.195341707195449354e-02,9.195341707195449354e-02
4.610441767068272689e+00,9.243674686602489088e-02,9.243674686602489088e-02
4.638554216867469826e+00,9.291965582163544402e-02,9.291965582163544402e-02
4.666666666666666963e+00,9.340214685245880333e-02,9.340214685245880333e-02
4.694779116465863211e+00,9.388422283457123485e-02,9.388422283457123485e-02
4.722891566265060348e+00,9.436588660715981847e-02,9.436588660715981847e-02
4.751004016064256597e+00,9.484714097321222948e-02,9.484714097321222948e-02
4.779116465863453733e+00,9.532798870018978354e-02,9.532798870018978354e-02
4.807228915662650870e+00,9.580843252068381444e-02,9.580843252068381444e-02
4.835341365461847118e+00,9.628847513305642536e-02,9.628847513305642536e-02
4.863453815261044255e+00,9.676811920206565554e-02,9.676811920206565554e-02
4.891566265060240504e+00,9.724736735947567268e-02,9.724736735947567268e-02
4.919678714859437640e+00,9.772622220465261578e-02,9.772622220465261578e-02
4.947791164658634777e+00,9.820468630514603281e-02,9.820468630514603281e-02
4.975903614457831026e+00,9.868276219725694021e-02,9.868276219725694021e-02
5.004016064257028162e+00,9.916045238659249028e-02,9.916045238659249028e-02
5.032128514056224411e+00,9.963775934860757966e-02,9.963775934860757966e-02
5.060240963855421548e+00,1.001146855291342452e-01,1.001146855291342452e-01
5.088353413654618684e+00,1.005912333448984314e-01,1.005912333448984314e-01
5.116465863453814933e+00,1.010674051840254745e-01,1.010674051840254745e-01
5.144578313253012070e+00,1.015432034065336525e-01,1.015432034065336525e-01
5.172690763052208318e+00,1.020186303448167159e-01,1.020186303448167159e-01
5.200803212851405455e+00,1.024936883041156627e-01,1.024936883041156627e-01
5.228915662650602592e+00,1.029683795629796617e-01,1.029683795629796617e-01
5.257028112449798840e+00,1.034427063737171637e-01,1.034427063737171637e-01
5.285140562248995977e+00,1.039166709628364937e-01,1.039166709628364937e-01
5.313253012048192225e+00,1.043902755314772002e-01,1.043902755314772002e-01
5.341365461847389362e+00,1.048635222558317176e-01,1.048635222558317176e-01
5.369477911646586499e+00,1.053364132875577730e-01,1.053364132875577730e-01
5.397590361445782747e+00,1.058089507541820629e-01,1.058089507541820629e-01
5.425702811244979884e+00,1.062811367594950623e-01,1.062811367594950623e-01
5.453815261044176133e+00,1.067529733839374662e-01,1.067529733839374662e-01
5.481927710843373269e+00,1.072244626849783167e-01,1.072244626849783167e-01
5.510040160642570406e+00,1.076956066974850273e-01,1.076956066974850273e-01
5.538152610441766655e+00,1.081664074340857457e-01,1.081664074340857457e-01
5.566265060240963791e+00,1.086368668855241110e-01,1.086368668855241110e-01
5.594377510040160040e+00,1.091069870210063103e-01,1.091069870210063103e-01
5.622489959839357176e+00,1.095767697885412922e-01,1.095767697885412922e-01
5.650602409638554313e+00,1.100462171152736673e-01,1.100462171152736673e-01
5.678714859437750562e+00,1.105153309078097529e-01,1.105153309078097529e-01
5.706827309236947698e+00,1.109841130525372616e-01,1.109841130525372616e-01
5.734939759036144835e+00,1.114525654159379681e-01,1.114525654159379681e-01
5.763052208835341084e+00,1.119206898448943249e-01,1.119206898448943249e-01
5.791164658634538220e+00,1.123884881669900693e-01,1.123884881669900693e-01
5.819277108433734469e+00,1.128559621908041960e-01,1.128559621908041960e-01
5.847389558232931606e+00,1.133231137061996990e-01,1.133231137061996990e-01
5.875502008032128742e+00,1.137899444846061647e-01,1.137899444846061647e-01
5.903614457831324991e+00,1.142564562792968280e-01,1.142564562792968280e-01
5.931726907630522128e+00,1.147226508256603272e-01,1.147226508256603272e-01
5.959839357429718376e+00,1.151885298414669356e-01,1.151885298414669356e-01
5.987951807228915513e+00,1.156540950271296303e-01,1.156540950271296303e-01
6.016064257028112650e+00,1.161193480659602484e-01,1.161193480659602484e-01
6.044176706827308898e+00,1.165842906244203975e-01,1.165842906244203975e-01
6.072289156626506035e+00,1.170489243523678558e-01,1.170489243523678558e-01
6.100401606425702283e+00,1.175132508832979206e-01,1.175132508832979206e-01
6.128514056224899420e+00,1.179772718345804411e-01,1.179772718345804411e-01
6.156626506024096557e+00,1.184409888076922157e-01,1.184409888076922157e-01
6.184738955823292805e+00,1.189044033884448653e-01,1.189044033884448653e-01
6.212851405622489942e+00,1.193675171472087793e-01,1.193675171472087793e-01
6.240963855421686191e+00,1.198303316391323703e-01,1.198303316391323703e-01
6.269076305220883327e+00,1.202928484043577773e-01,1.202928484043577773e-01
6.297188755020080464e+00,1.207550689682321127e-01,1.207550689682321127e-01
6.325301204819276712e+00,1.212169948415149495e-01,1.212169948415149495e-01
6.353413654618473849e+00,1.216786275205822415e-01,1.216786275205822415e-01
6.381526104417670098e+00,1.221399684876260383e-01,1.221399684876260383e-01
6.409638554216867234e+00,1.226010192108509811e-01,1.226010192108509811e-01
6.437751004016064371e+00,1.230617811446669679e-01,1.230617811446669679e-01
6.465863453815260620e+00,1.235222557298783774e-01,1.235222557298783774e-01
6.493975903614457756e+00,1.239824443938700727e-01,1.239824443938700727e-01
6.522088353413654005e+00,1.244423485507898386e-01,1.244423485507898386e-01
6.550200803212851142e+00,1.249019696017275999e-01,1.249019696017275999e-01
6.578313253012048278e+00,1.253613089348915854e-01,1.253613089348915854e-01
6.606425702811244527e+00,1.258203679257812735e-01,1.258203679257812735e-01
6.634538152610441664e+00,1.262791479373572556e-01,1.262791479373572556e-01
6.662650602409637912e+00,1.267376503202082005e-01,1.267376503202082005e-01
6.690763052208835049e+00,1.271958764127149866e-01,1.271958764127149866e-01
6.718875502008032186e+00,1.276538275412116286e-01,1.276538275412116286e-01
6.746987951807228434e+00,1.281115050201438177e-01,1.281115050201438177e-01
6.775100401606425571e+00,1.285689101522244915e-01,1.285689101522244915e-01
6.803212851405622708e+00,1.290260442285869613e-01,1.290260442285869613e-01
6.831325301204818956e+00,1.294829085289348758e-01,1.294829085289348758e-01
6.859437751004016093e+00,1.299395043216904633e-01,1.299395043216904633e-01
6.887550200803212341e+00,1.303958328641394160e-01,1.303958328641394160e-01
6.915662650602409478e+00,1.308518954025739978e-01,1.308518954025739978e-01
6.943775100401606615e+00,1.313076931724332652e-01,1.313076931724332652e-01
6.971887550200802863e+00,1.317632273984411517e-01,1.317632273984411517e-01
7.000000000000000000e+00,1.322184992947424143e-01,1.322184992947424143e-01
